{"cameraMode":{"drawMode":0,"name":"Shaded","section":"Shading Mode"},"sceneLighting":true,"audioPlay":false,"sceneViewState":{"m_AlwaysRefresh":false,"showFog":true,"showSkybox":true,"showFlares":true,"showImageEffects":true,"showParticleSystems":true,"showVisualEffectGraphs":true,"m_FxEnabled":true},"in2DMode":false,"pivot":{"x":-0.49726247787475588,"y":3.0377330780029299,"z":-4.227384567260742},"rotation":{"x":-0.18835817277431489,"y":0.11488880962133408,"z":-0.022201936691999437,"w":-0.9751518368721008},"size":0.8660253882408142,"orthographic":false}