{"cameraMode":{"drawMode":0,"name":"Shaded","section":"Shading Mode"},"sceneLighting":true,"audioPlay":false,"sceneViewState":{"m_AlwaysRefresh":false,"showFog":true,"showSkybox":true,"showFlares":true,"showImageEffects":true,"showParticleSystems":true,"showVisualEffectGraphs":true,"m_FxEnabled":true},"in2DMode":false,"pivot":{"x":-20.18939208984375,"y":1.8581373691558838,"z":-8.094120025634766},"rotation":{"x":0.0017512787599116564,"y":0.7598643898963928,"z":0.002043318934738636,"w":-0.6500946283340454},"size":12.12435531616211,"orthographic":false}